{"cameraMode":{"drawMode":0,"name":"Shaded","section":"Shading Mode"},"sceneLighting":true,"audioPlay":false,"sceneViewState":{"showFog":true,"showMaterialUpdate":false,"showSkybox":true,"showFlares":true,"showImageEffects":true,"showParticleSystems":true},"in2DMode":false,"pivot":{"x":2.930393695831299,"y":5.7258219718933109,"z":-0.06294655799865723},"rotation":{"x":-0.0303051695227623,"y":0.006911974400281906,"z":-0.000156187335960567,"w":-0.9995555877685547},"size":38.97361373901367,"orthographic":false}