{"cameraMode":{"drawMode":0,"name":"Shaded","section":"Shading Mode"},"sceneLighting":false,"audioPlay":false,"sceneViewState":{"showFog":true,"showMaterialUpdate":false,"showSkybox":true,"showFlares":true,"showImageEffects":true,"showParticleSystems":true},"in2DMode":false,"pivot":{"x":2.529663324356079,"y":6.703592777252197,"z":1.978647232055664},"rotation":{"x":0.005690776277333498,"y":-0.009586230851709843,"z":-0.000014838819879514631,"w":-0.9999686479568481},"size":8.687594413757325,"orthographic":false}